symbol,file_type,row_count,first_timestamp_utc,last_timestamp_utc,checksum_sha256
1000SATSUSDT,fundingRate,172,2026-05-11T12:00:00Z,2026-06-09T00:00:00Z,554b99effc3e2113a58868f4f481ad4274099c33f6286e288a247ff076333eb1
1000SATSUSDT,openInterestHist,686,2026-05-11T12:00:00Z,2026-06-09T01:00:00Z,2203cb5018a0ad089d42a03865a218564d05473cce2cbb31be9e928d609b8f00
1000SATSUSDT,takerlongshortRatio,685,2026-05-11T11:00:00Z,2026-06-09T00:00:00Z,39a2fb748364dafab309d555d6f0c8fa6adc368176843dd828eb7f58339f799b
1000SATSUSDT,globalLongShortAccountRatio,686,2026-05-11T12:00:00Z,2026-06-09T01:00:00Z,dfb1a0787b0d26d2ca9674ffc32ea432a3303ce4a8353e10d4796529f6895932
1000SATSUSDT,topLongShortAccountRatio,686,2026-05-11T12:00:00Z,2026-06-09T01:00:00Z,805a5e7aa44b350185517851f5aaf909a596355adcb0c5c01d350841daa7872f
1000SATSUSDT,topLongShortPositionRatio,686,2026-05-11T12:00:00Z,2026-06-09T01:00:00Z,7db9ac57e22e28e4d50950bbb45ca76eb1427fe74ab34cafb06955cdf9c17c7c
1000SATSUSDT,premiumIndex,1,2026-06-09T11:30:08Z,2026-06-09T11:30:08Z,60d598a7d9094d4d7f45826f0bb75805b88dfa33f96b8ee12fcea8d80a6aafa6
ACEUSDT,fundingRate,172,2026-05-11T12:00:00Z,2026-06-09T00:00:00Z,ff3cdff1d8fd14cb81036dd1c3e5cbe4f9134dbb8e18664517282244f06ccf7a
ACEUSDT,openInterestHist,686,2026-05-11T12:00:00Z,2026-06-09T01:00:00Z,1a5579eb5cd03ab37679e0b3e2fe13c6821de52656a737c4dad25c5b1283b18c
ACEUSDT,takerlongshortRatio,685,2026-05-11T11:00:00Z,2026-06-09T00:00:00Z,1b568f5f6566ba5a11651d1a3bd7a8bc400c2db1b3ac416ce0b59b4b6b11e9a8
ACEUSDT,globalLongShortAccountRatio,686,2026-05-11T12:00:00Z,2026-06-09T01:00:00Z,a53d9ddff620b019ba60a53c15af307822ce3315748b7b99db02c385bd3d97d8
ACEUSDT,topLongShortAccountRatio,686,2026-05-11T12:00:00Z,2026-06-09T01:00:00Z,821d98eb5e30b1249aaa2470760246b9b9a48bfc1235f13d54629046b45b9a15
ACEUSDT,topLongShortPositionRatio,686,2026-05-11T12:00:00Z,2026-06-09T01:00:00Z,a0aaabdbc9b72cc28dda2b31b73adc8845b203847c3fd0346e097a0df4e8fa65
ACEUSDT,premiumIndex,1,2026-06-09T11:30:12Z,2026-06-09T11:30:12Z,0c197ec8068b61fb12f056b3cd2ab9aac021eebbd252cfe1b776f6b9e7a9f89f
ARKMUSDT,fundingRate,86,2026-05-11T16:00:00Z,2026-06-09T00:00:00Z,f6252281ef3e6a3cd21a9536f298b450071dd772e928aa3003c6ce08e61c8378
ARKMUSDT,openInterestHist,686,2026-05-11T12:00:00Z,2026-06-09T01:00:00Z,1a1d15c701fc455916efcd61536e6ad96083247e57488d45dbc4425ffec9d818
ARKMUSDT,takerlongshortRatio,685,2026-05-11T11:00:00Z,2026-06-09T00:00:00Z,a87d30f5ecbbfd4216730f177b51303178c0578dd5d1a98724feeeebaa2c70fd
ARKMUSDT,globalLongShortAccountRatio,686,2026-05-11T12:00:00Z,2026-06-09T01:00:00Z,3e214613486c6aa30bc68539e56f54032cb95491739949c7e7b6cbcc1ad65d59
ARKMUSDT,topLongShortAccountRatio,686,2026-05-11T12:00:00Z,2026-06-09T01:00:00Z,6eba04ddfef27dfa337e1ac3b6a492545e5794c55c91d295a9f3410f34dcff87
ARKMUSDT,topLongShortPositionRatio,686,2026-05-11T12:00:00Z,2026-06-09T01:00:00Z,87d7a157ad031f19c6c79d06efa141020d8f39d37e2f8a993fc31bd50b6d38a5
ARKMUSDT,premiumIndex,1,2026-06-09T11:30:16Z,2026-06-09T11:30:16Z,0b3dd0d47e91a44ba0f2032234717ef395db14a8bc502803b6833b4f980fb066
ARKUSDT,fundingRate,172,2026-05-11T12:00:00Z,2026-06-09T00:00:00Z,e15d89170d074bca0dd5cbdace48b853a139cdd712a6751e315687561c21244a
ARKUSDT,openInterestHist,686,2026-05-11T12:00:00Z,2026-06-09T01:00:00Z,47addc894012a42bbdd4e166d837ce70445cbb1970aba8a9b72a23d660631fdc
ARKUSDT,takerlongshortRatio,685,2026-05-11T11:00:00Z,2026-06-09T00:00:00Z,060c60cb64cea05aedd035c650ae8e6382226e23280870037322917a1d1c73df
ARKUSDT,globalLongShortAccountRatio,686,2026-05-11T12:00:00Z,2026-06-09T01:00:00Z,031dcf851153be7c8daf8cd5a4cc1d10bded993b46dc252cf5a2747ff0f79db3
ARKUSDT,topLongShortAccountRatio,686,2026-05-11T12:00:00Z,2026-06-09T01:00:00Z,c00a31ab811d57efaf318385d8294807c88855d727319d4e626b5df9920ccce8
ARKUSDT,topLongShortPositionRatio,686,2026-05-11T12:00:00Z,2026-06-09T01:00:00Z,4a3631475f37e963ead5e54165e9b3960443a75f01edc1c163db00f6233aa0c3
ARKUSDT,premiumIndex,1,2026-06-09T11:30:20Z,2026-06-09T11:30:20Z,6d788d69e1854092db8b725328c6a6b4557698b34a14c242b6a851d40592a9b6
ATOMUSDT,fundingRate,86,2026-05-11T16:00:00Z,2026-06-09T00:00:00Z,c52e29a95d6a04ea169dd418821329a142b80b7ca09f6d6f6238586e943c7587
ATOMUSDT,openInterestHist,686,2026-05-11T12:00:00Z,2026-06-09T01:00:00Z,a927302b66fa282b5734502aecc44a356308a58979349dc4d8b81a72f413c516
ATOMUSDT,takerlongshortRatio,685,2026-05-11T11:00:00Z,2026-06-09T00:00:00Z,c6329b28745e5d8b08adec2c04852bbafcb742c3db37054b227ff10b1abeba02
ATOMUSDT,globalLongShortAccountRatio,686,2026-05-11T12:00:00Z,2026-06-09T01:00:00Z,56efd6fb5692bf8e40ab2f8c14719b31b60231da6e52767f65f7e370ca7d9b50
ATOMUSDT,topLongShortAccountRatio,686,2026-05-11T12:00:00Z,2026-06-09T01:00:00Z,f9a89a8c34e4e91f100232cf16833926f592d83a02c1b7748aa29439a05276bf
ATOMUSDT,topLongShortPositionRatio,686,2026-05-11T12:00:00Z,2026-06-09T01:00:00Z,fa6a060e1e12bdfed853985c45dc342c42872b1c4623d1e3decb2184e97b25ae
ATOMUSDT,premiumIndex,1,2026-06-09T11:30:24Z,2026-06-09T11:30:24Z,21158c81de1f97fdfd093210ea53f08355f590dc946558c7aefac8e777edbc0b
AVAXUSDT,fundingRate,86,2026-05-11T16:00:00Z,2026-06-09T00:00:00Z,bbd9475b63a65a5b7a29c078d1d9725f12b87e4ddf0c2dd6db672189b3d59015
AVAXUSDT,openInterestHist,686,2026-05-11T12:00:00Z,2026-06-09T01:00:00Z,e72cc210f4d26964fe7dc6723c88a4644723392bacaaf4014fa85fcf068e7401
AVAXUSDT,takerlongshortRatio,685,2026-05-11T11:00:00Z,2026-06-09T00:00:00Z,e31ce2c1ac16b6ab9fb1e65558bde53e987f90b3963a4fe2aebea71dd41c9219
AVAXUSDT,globalLongShortAccountRatio,686,2026-05-11T12:00:00Z,2026-06-09T01:00:00Z,6b7637bbc5c0e0f2ac7d6154d12200e81d72f6ea9353c095bff0281b7364c572
AVAXUSDT,topLongShortAccountRatio,686,2026-05-11T12:00:00Z,2026-06-09T01:00:00Z,70fb56010d7e631af24bb3191df3391622387ccae497b9d43db71a5dbd4f289a
AVAXUSDT,topLongShortPositionRatio,686,2026-05-11T12:00:00Z,2026-06-09T01:00:00Z,95a4f629ea710eeeae96829645584ff5c3d96620ee732be22c73903b458e337d
AVAXUSDT,premiumIndex,1,2026-06-09T11:30:28Z,2026-06-09T11:30:28Z,0b472266593e246158eba4acd5182841f85445624b706352b94d5ee13119e361
AXSUSDT,fundingRate,172,2026-05-11T12:00:00Z,2026-06-09T00:00:00Z,5ac5557623581448d245a1194d3b217351a982f8fceee7e877612f40369601f0
AXSUSDT,openInterestHist,686,2026-05-11T12:00:00Z,2026-06-09T01:00:00Z,c14ec780f9e5bcc930456b5b9293769573e40947243c61a24176cc8cfabd71fc
AXSUSDT,takerlongshortRatio,685,2026-05-11T11:00:00Z,2026-06-09T00:00:00Z,0f95f47e58fb73094317cf9c263b0bfdc9f69ce16d019556dddb37f1cd318863
AXSUSDT,globalLongShortAccountRatio,686,2026-05-11T12:00:00Z,2026-06-09T01:00:00Z,494d6171a997d927213045519384c98c6d90bf61d1b9fb2a8a69c6894fa17f44
AXSUSDT,topLongShortAccountRatio,686,2026-05-11T12:00:00Z,2026-06-09T01:00:00Z,8787ed7e365550987807e8fddd8dc408a54609593592fdf1b3c24c7a79732366
AXSUSDT,topLongShortPositionRatio,686,2026-05-11T12:00:00Z,2026-06-09T01:00:00Z,8e0b1700f2a6c32c42ec01c67dd89bb0a761dbbc7e99f80b0db8cd66b32bb1f9
AXSUSDT,premiumIndex,1,2026-06-09T11:30:32Z,2026-06-09T11:30:32Z,ed922e822ffb1fee1d03e48b8c8f80cc55f4bb9e7f88752d835e554f5f91b87c
BLURUSDT,fundingRate,172,2026-05-11T12:00:00Z,2026-06-09T00:00:00Z,80fd52eabba22dbcc42c1b2cf8c3fd1224a049df7646fc57a8681c68b261310b
BLURUSDT,openInterestHist,686,2026-05-11T12:00:00Z,2026-06-09T01:00:00Z,57fa1d303c7dad0c0cf121cacda1c5ae67441e4455a0843138f20e2476e2740c
BLURUSDT,takerlongshortRatio,685,2026-05-11T11:00:00Z,2026-06-09T00:00:00Z,299c91f1004323a1b9394b1e3f8c8ad582a8b5392174be1eebc0e46ac999e3d7
BLURUSDT,globalLongShortAccountRatio,686,2026-05-11T12:00:00Z,2026-06-09T01:00:00Z,a5aea4db65de2a4b1b83f184c83e14adb9f6cb8bd680a515e472f57b8935475f
BLURUSDT,topLongShortAccountRatio,686,2026-05-11T12:00:00Z,2026-06-09T01:00:00Z,8c593d5594a23842a953e57b5ccd8fe2a5af41f29a414dae01177c4dccd257f9
BLURUSDT,topLongShortPositionRatio,686,2026-05-11T12:00:00Z,2026-06-09T01:00:00Z,5c14c9a047cadc155d07a8d47db99f1242146dbef11c863f3e26599750b130b2
BLURUSDT,premiumIndex,1,2026-06-09T11:30:37Z,2026-06-09T11:30:37Z,c768555fc2713719a530c2b6790bd5bab1a02810b7ca2b0cb1628f35342c8981
COMPUSDT,fundingRate,86,2026-05-11T16:00:00Z,2026-06-09T00:00:00Z,e4bd7d91c29563f9f30a3d47824e0d1454691e3c95ed49cd1811b67b3170af41
COMPUSDT,openInterestHist,686,2026-05-11T12:00:00Z,2026-06-09T01:00:00Z,a2b9cd740f076031e941f8842307b6c24e912dee9c514ef9577a0a3b8f569d20
COMPUSDT,takerlongshortRatio,685,2026-05-11T11:00:00Z,2026-06-09T00:00:00Z,204d716b756699534fcac816a01171d91fc8dcdbcca94bae8f8ad2b4274e5954
COMPUSDT,globalLongShortAccountRatio,686,2026-05-11T12:00:00Z,2026-06-09T01:00:00Z,343e0d7c3580f18689f7aed9b74136626b453b9a9fb3447f7d89dd069e2d48cc
COMPUSDT,topLongShortAccountRatio,686,2026-05-11T12:00:00Z,2026-06-09T01:00:00Z,7ba833e008c0e087985cc6ba5e2baeb04a2ead8a804a61761736763b1d4c1eb7
COMPUSDT,topLongShortPositionRatio,686,2026-05-11T12:00:00Z,2026-06-09T01:00:00Z,062c069d14458245dfd3a7c05dc9c3b4ad7f222432677638cf044c70af7f22bd
COMPUSDT,premiumIndex,1,2026-06-09T11:30:41Z,2026-06-09T11:30:41Z,025a5907729e6f431ab592a3577fb4a259daf92857bb880a96bc9abe7a947d08
COTIUSDT,fundingRate,86,2026-05-11T16:00:00Z,2026-06-09T00:00:00Z,9366acc4739ce285899927dce14b1c2dedecb2c2128aff5e5eb4f3134242fbbe
COTIUSDT,openInterestHist,686,2026-05-11T12:00:00Z,2026-06-09T01:00:00Z,f16b194c5e4eedd9677587ee21c6ed10fdca533faa69c2e1a75f849246baa2d9
COTIUSDT,takerlongshortRatio,685,2026-05-11T11:00:00Z,2026-06-09T00:00:00Z,8ab35b56d67786845490d69418c25108e217bea2d69c81b66db08dd5dcaff66b
COTIUSDT,globalLongShortAccountRatio,686,2026-05-11T12:00:00Z,2026-06-09T01:00:00Z,3fb096f1bc31505d14f924e311df330a8dc76768c1f14e45c38dbc2df4049acb
COTIUSDT,topLongShortAccountRatio,686,2026-05-11T12:00:00Z,2026-06-09T01:00:00Z,885d7fbf60421cd2a21a28dd7dda8d3755bf90e1c854b687c6089f94f0802263
COTIUSDT,topLongShortPositionRatio,686,2026-05-11T12:00:00Z,2026-06-09T01:00:00Z,add6b084b5c26dff8c6a07dd2af2990b468075b6439cd24108abb9bcaaefb8cb
COTIUSDT,premiumIndex,1,2026-06-09T11:30:45Z,2026-06-09T11:30:45Z,caaf715720b7877449ca6c4d5db4f943b3746d628b2855955b2c55d1a2a8bd6e
DOGEUSDT,fundingRate,86,2026-05-11T16:00:00Z,2026-06-09T00:00:00Z,e17b9dc9da901420103928b340f130a4bf9529af8d59fb5f2bdad5e701246545
DOGEUSDT,openInterestHist,686,2026-05-11T12:00:00Z,2026-06-09T01:00:00Z,28646392c2765fabe032fe6bd46d7bee5a954bf9ce53a6ce71ef275bbe0a2e79
DOGEUSDT,takerlongshortRatio,685,2026-05-11T11:00:00Z,2026-06-09T00:00:00Z,103440fc8471ce0439f4039b893060c86bcbaeeda83260d78b9e7ebf08fbd795
DOGEUSDT,globalLongShortAccountRatio,686,2026-05-11T12:00:00Z,2026-06-09T01:00:00Z,6c27feda00c29e79f0af0793dde5c7d8535db8f5f885f866ebd4e514be71f284
DOGEUSDT,topLongShortAccountRatio,686,2026-05-11T12:00:00Z,2026-06-09T01:00:00Z,fc2595a906cbba6de03724196e1224d8eb781f4ff6dca4aa47cd44c0a5a8b5eb
DOGEUSDT,topLongShortPositionRatio,686,2026-05-11T12:00:00Z,2026-06-09T01:00:00Z,bc4024161066f073e4cc6d2e44514d1e291559982418910cb32ce0c2a2dd8226
DOGEUSDT,premiumIndex,1,2026-06-09T11:30:49Z,2026-06-09T11:30:49Z,7f8c911bd38a2709d11cb1d95b797d1a3d144a5987f2a1a89fc6068245414db9
DYDXUSDT,fundingRate,86,2026-05-11T16:00:00Z,2026-06-09T00:00:00Z,a54f20eadc2745cb8254bcd882aefc9020f67bea764ab445eeed848226bb0d88
DYDXUSDT,openInterestHist,686,2026-05-11T12:00:00Z,2026-06-09T01:00:00Z,ad019e2c4e7f3d1ddafeb2c526edeb70111bbad6436f1875df398c8916613978
DYDXUSDT,takerlongshortRatio,685,2026-05-11T11:00:00Z,2026-06-09T00:00:00Z,27e281843464768cdd653fa5bee8dea4c3245da167a318cdfa6d0abc42626dd2
DYDXUSDT,globalLongShortAccountRatio,686,2026-05-11T12:00:00Z,2026-06-09T01:00:00Z,cc75254d1bd0c43134ea5076b0a1965c61181c15877002e48ed597739935715a
DYDXUSDT,topLongShortAccountRatio,686,2026-05-11T12:00:00Z,2026-06-09T01:00:00Z,81aee2a74fc51c1d063985d5d59a87c490d9ea3b7038a3902a21bb2b09fe051d
DYDXUSDT,topLongShortPositionRatio,686,2026-05-11T12:00:00Z,2026-06-09T01:00:00Z,6022b0e52ac732bc66910cdfe4a4c284f14fd06719a99385ed325846042b32e6
DYDXUSDT,premiumIndex,1,2026-06-09T11:30:53Z,2026-06-09T11:30:53Z,a157ac10467e1dbbf2d2d817549a2c3ae54894857132099d1721f69fcc52494a
EGLDUSDT,fundingRate,86,2026-05-11T16:00:00Z,2026-06-09T00:00:00Z,520e0cc18ffd3c535167166dc6b65d8be6386f96b678db9951cb05d8a7478914
EGLDUSDT,openInterestHist,686,2026-05-11T12:00:00Z,2026-06-09T01:00:00Z,68b7e5a0946bc58ca82adcb7a9f9b9b3294b26eac43a4480b2abdaf7b4e7f3d4
EGLDUSDT,takerlongshortRatio,685,2026-05-11T11:00:00Z,2026-06-09T00:00:00Z,a498c9a1e20e943c7c5db588b969ef4880d0d8d4ebbd1fb7ae76dee7cb821501
EGLDUSDT,globalLongShortAccountRatio,686,2026-05-11T12:00:00Z,2026-06-09T01:00:00Z,69c2aa01e27640833dcb68bd86bf31904d034e693b9352382d9ac66e0492363a
EGLDUSDT,topLongShortAccountRatio,686,2026-05-11T12:00:00Z,2026-06-09T01:00:00Z,f09271fd76d4d32044437ab17febcb66a457c018d3fa12d94565a54e596adc29
EGLDUSDT,topLongShortPositionRatio,686,2026-05-11T12:00:00Z,2026-06-09T01:00:00Z,e4316cd14111f154d5b651b6665d16db48af2d1b4a9ca93fffaac99adf57809e
EGLDUSDT,premiumIndex,1,2026-06-09T11:30:58Z,2026-06-09T11:30:58Z,8be22a076fe703172c37f17c1bbdc795adf3929d99250855aed596aa6764d9ed
ENSUSDT,fundingRate,86,2026-05-11T16:00:00Z,2026-06-09T00:00:00Z,20c5f769242d1e9a95f3fec42014e0785ad87fcae4144762bebfeed8f0b9fb8e
ENSUSDT,openInterestHist,686,2026-05-11T12:00:00Z,2026-06-09T01:00:00Z,0b6b6dbca3e4500c3091fa3b5931df0f7d3ea3b543711478399e69bca6fd1667
ENSUSDT,takerlongshortRatio,685,2026-05-11T11:00:00Z,2026-06-09T00:00:00Z,288173b806da118bfaed41414f4793b42d4ddcd995ca6295e10b0a7ded165d0e
ENSUSDT,globalLongShortAccountRatio,686,2026-05-11T12:00:00Z,2026-06-09T01:00:00Z,0df38751953ab5a0391e282a4dad214c8434dfc1d8003fa12f5974e818962ef7
ENSUSDT,topLongShortAccountRatio,686,2026-05-11T12:00:00Z,2026-06-09T01:00:00Z,1db48795398ccbdb4ee423669fc82dcae3d971bf3f8875ab31dc684eefae64f9
ENSUSDT,topLongShortPositionRatio,686,2026-05-11T12:00:00Z,2026-06-09T01:00:00Z,0f25bd4558a79b68319cc78a543d242ded0c7d05db83973437be6b56b9e58020
ENSUSDT,premiumIndex,1,2026-06-09T11:31:02Z,2026-06-09T11:31:02Z,4f47c97c58dfc2159d52f665ca0bb38d8e4056791115424407d76f45c9583749
GALAUSDT,fundingRate,86,2026-05-11T16:00:00Z,2026-06-09T00:00:00Z,ad679a35afa3f4509c2255e629bde73fe461f03fe3b71341c12ad92566d0e88c
GALAUSDT,openInterestHist,686,2026-05-11T12:00:00Z,2026-06-09T01:00:00Z,b498c4c49182bf3a3e6d3bbf0f25e42d22085353a36f3232d56cf9e944c69a7b
GALAUSDT,takerlongshortRatio,685,2026-05-11T11:00:00Z,2026-06-09T00:00:00Z,f5c9d2477971a173f57b554b64a0a70c16cae7339281a19d262a0da811a9dca2
GALAUSDT,globalLongShortAccountRatio,686,2026-05-11T12:00:00Z,2026-06-09T01:00:00Z,2c448343eec5870f11d3f7eddecfae2ba4f919951ee7e05fe849ad1df5981cda
GALAUSDT,topLongShortAccountRatio,686,2026-05-11T12:00:00Z,2026-06-09T01:00:00Z,d4f155157137572291307aa7868ff45c02f454cafd69727b13d38c878defd95c
GALAUSDT,topLongShortPositionRatio,686,2026-05-11T12:00:00Z,2026-06-09T01:00:00Z,a6fe965b3b23f7ae4028a586d0335ec0a9ba8198552cb1d5bab57366749a9261
GALAUSDT,premiumIndex,1,2026-06-09T11:31:07Z,2026-06-09T11:31:07Z,d973647c26c99e85e7c7bfdd0c319413f0eaca6280b4043e87d9f9306c2fcfda
GMTUSDT,fundingRate,172,2026-05-11T12:00:00Z,2026-06-09T00:00:00Z,e742651093473318d79590127a395f5051b21843e4437c1854bb32788dd77223
GMTUSDT,openInterestHist,686,2026-05-11T12:00:00Z,2026-06-09T01:00:00Z,da9e7cf61cbaa318869c8b092e52ce3d576305e58a36afdd7e21769d8cb9b37b
GMTUSDT,takerlongshortRatio,685,2026-05-11T11:00:00Z,2026-06-09T00:00:00Z,874d1434afb22693e28bd869b238b237ea0a099df9d2435a4fb4a43fa026a392
GMTUSDT,globalLongShortAccountRatio,686,2026-05-11T12:00:00Z,2026-06-09T01:00:00Z,18b9925d1aff7580ad727ed481f58d4af64ae1e03559ebf0ccadb38bc0cb0985
GMTUSDT,topLongShortAccountRatio,686,2026-05-11T12:00:00Z,2026-06-09T01:00:00Z,2578d4eeb237d2805b727b33a8586b5802944aae69a87197deb23828d7991707
GMTUSDT,topLongShortPositionRatio,686,2026-05-11T12:00:00Z,2026-06-09T01:00:00Z,43c589b54b0fa1e26a1ed21273e92b44781fe84ff9df05c510eecca3c22c4bee
GMTUSDT,premiumIndex,1,2026-06-09T11:31:11Z,2026-06-09T11:31:11Z,b267791195130fcf082e5de84474652ec1d63b65513d93a639d5357d1b9cbcf2
GMXUSDT,fundingRate,86,2026-05-11T16:00:00Z,2026-06-09T00:00:00Z,8ff4edcb2c244f19b06ceef97a7adb993634ad22102c7eeba1f7857379af15ba
GMXUSDT,openInterestHist,686,2026-05-11T12:00:00Z,2026-06-09T01:00:00Z,0e9dbf246f5052909b0652d24ff15ff59bdcadd3f595c533812119df8b3a4745
GMXUSDT,takerlongshortRatio,685,2026-05-11T11:00:00Z,2026-06-09T00:00:00Z,6a2e5b3e35406e33c7e2ef262aa00642c73d88561597760e5baf51cbb65d214d
GMXUSDT,globalLongShortAccountRatio,686,2026-05-11T12:00:00Z,2026-06-09T01:00:00Z,eb19d4b82397816947b1dca3aa56b111cbefd14b7d95def2e1e7a901b710eb63
GMXUSDT,topLongShortAccountRatio,686,2026-05-11T12:00:00Z,2026-06-09T01:00:00Z,37a28daf21a081195b84ad99224da28e5fd8cbe87f9b1f93f6aecb95969f82aa
GMXUSDT,topLongShortPositionRatio,686,2026-05-11T12:00:00Z,2026-06-09T01:00:00Z,f0cf976df622ab0b01ee063bf8923f734f161950012059e7e29ad1605a2b09e6
GMXUSDT,premiumIndex,1,2026-06-09T11:31:15Z,2026-06-09T11:31:15Z,73c3ed341706b0ea0af4f9515740abdf48328541423921eefdba1a0489b801f8
HIGHUSDT,fundingRate,86,2026-05-11T16:00:00Z,2026-06-09T00:00:00Z,a378373ec159cd786d7c56fc40a59ceeaef358c779e117bc261ec496d14898ff
HIGHUSDT,openInterestHist,686,2026-05-11T12:00:00Z,2026-06-09T01:00:00Z,696f30da361912cd0d369dea913991a10bfcbb124d02600a0f2e4f08e9ce0fd5
HIGHUSDT,takerlongshortRatio,685,2026-05-11T11:00:00Z,2026-06-09T00:00:00Z,df76e023731bed8edc3f3071a1a08db0af9e3637232e1dda35d9cc8d3e090dd3
HIGHUSDT,globalLongShortAccountRatio,686,2026-05-11T12:00:00Z,2026-06-09T01:00:00Z,f56e76f672762524a4c132047bcbcb6508a4ba71ff31d5f914f608830478e2cf
HIGHUSDT,topLongShortAccountRatio,686,2026-05-11T12:00:00Z,2026-06-09T01:00:00Z,5cc7888ee3e9121817329595010f7012d4bbe8f42db3c80d94daff4fc701c015
HIGHUSDT,topLongShortPositionRatio,686,2026-05-11T12:00:00Z,2026-06-09T01:00:00Z,b47f2988dc43b18b419d65ffab247edebeaec7565d242386d246ca9e8835077b
HIGHUSDT,premiumIndex,1,2026-06-09T11:31:20Z,2026-06-09T11:31:20Z,81e46df886339c70a29626c6ba72bbfaf1b9036b0c2cdb14e6c3e0a96f2867a3
IMXUSDT,fundingRate,172,2026-05-11T12:00:00Z,2026-06-09T00:00:00Z,9a4745898bb07b90353915c6f52e25ace5bba9e6d75112a19fd1f583a7ba97c7
IMXUSDT,openInterestHist,686,2026-05-11T12:00:00Z,2026-06-09T01:00:00Z,108e947f14b9f301e1c7970e4b7da8ed1e8169d8b9ab3f640403b29539e2d449
IMXUSDT,takerlongshortRatio,685,2026-05-11T11:00:00Z,2026-06-09T00:00:00Z,7cf6f4a5e5a8eb899f72c82a84512fe6e6d6fd5a210ae6a949c18df59b4b21d7
IMXUSDT,globalLongShortAccountRatio,686,2026-05-11T12:00:00Z,2026-06-09T01:00:00Z,402f51c1dfc511e54f0cf53b123eb2e3246af2b6807ccac3a26a3cb03ba60bfd
IMXUSDT,topLongShortAccountRatio,686,2026-05-11T12:00:00Z,2026-06-09T01:00:00Z,4633bc71fa8fad08fad632136d0d77baf1ad83575888251175a0b47463d3a478
IMXUSDT,topLongShortPositionRatio,686,2026-05-11T12:00:00Z,2026-06-09T01:00:00Z,5890851502d3eccb2e786e34cd3074ae1bf108e5b8fc6edfb39faa93c7ee895d
IMXUSDT,premiumIndex,1,2026-06-09T11:31:24Z,2026-06-09T11:31:24Z,4d909493bc1c5f684e49604a63e8e7f88ef8735302832bc491ba28dde51e460f
JUPUSDT,fundingRate,172,2026-05-11T12:00:00Z,2026-06-09T00:00:00Z,9d707d5f6c8b39573ced5aa0daa808760c896a4eaa834eb87b73662261ff8f8c
JUPUSDT,openInterestHist,686,2026-05-11T12:00:00Z,2026-06-09T01:00:00Z,cbf68eb5ad4881dbecd70a4cbcf706ea6eb8996d6be7862a666bf5c988302dbe
JUPUSDT,takerlongshortRatio,685,2026-05-11T11:00:00Z,2026-06-09T00:00:00Z,c272fc28039f6e2b2ce5ef974d3dbee228555b7f8ae78219fdab25ff32bcf377
JUPUSDT,globalLongShortAccountRatio,686,2026-05-11T12:00:00Z,2026-06-09T01:00:00Z,c1dd6e12841cecf5ebe19f55def065dc818e862dd72b1336a6eaeeaad614bb07
JUPUSDT,topLongShortAccountRatio,686,2026-05-11T12:00:00Z,2026-06-09T01:00:00Z,898f408d6e0b076e5c7bfe79a2272599a66cc9006d2a9219f7b8e8c171edbdd0
JUPUSDT,topLongShortPositionRatio,686,2026-05-11T12:00:00Z,2026-06-09T01:00:00Z,cf42ec5b4ddceb0fb82346ce9535d9dfb06500f5612be446d5f480717259bf19
JUPUSDT,premiumIndex,1,2026-06-09T11:31:28Z,2026-06-09T11:31:28Z,b70716d3c05b456b037266f312aa6f7f341d4d2652496535dc7cf487451876f0
KAVAUSDT,fundingRate,172,2026-05-11T12:00:00Z,2026-06-09T00:00:00Z,b579b71cd064f0b444407323aa670cf4ce06833bd70757ee5e0998715d52af59
KAVAUSDT,openInterestHist,686,2026-05-11T12:00:00Z,2026-06-09T01:00:00Z,a15a1cc0549b6590eaca6ce382c051a2593df4638a036bd60cb8e06f5570102f
KAVAUSDT,takerlongshortRatio,685,2026-05-11T11:00:00Z,2026-06-09T00:00:00Z,a6a6846ccf336871cc4546d441706f531302397f4ed10ede24d40fe0667db111
KAVAUSDT,globalLongShortAccountRatio,686,2026-05-11T12:00:00Z,2026-06-09T01:00:00Z,3c597f741a3b193cc2aba7742c9844a1fbabfb6a4a1861ae86b2d5877ab7ddaf
KAVAUSDT,topLongShortAccountRatio,685,2026-05-11T12:00:00Z,2026-06-09T01:00:00Z,dfc8f73bafb8878366baab3ab1b5cb0260a4e4cc2a513e7c4fd81b28a65c213a
KAVAUSDT,topLongShortPositionRatio,685,2026-05-11T12:00:00Z,2026-06-09T01:00:00Z,c4945464a4b3192c7133ba6c7f1449d8389c846564c33f83638106325f5dc575
KAVAUSDT,premiumIndex,1,2026-06-09T11:31:33Z,2026-06-09T11:31:33Z,250b0e77bcabdc5b9c62a98890ed96c9d4d5f611a6a06c41314a04940e517253
KSMUSDT,fundingRate,86,2026-05-11T16:00:00Z,2026-06-09T00:00:00Z,21016bf5b705eedce5ce8ae35935b811ac7e6ca5083be8b422e452fe07090164
KSMUSDT,openInterestHist,686,2026-05-11T12:00:00Z,2026-06-09T01:00:00Z,8da390338ea1fabe8edbffc49bae9aa88eec0a303c0f1ab75281dfa7f332267a
KSMUSDT,takerlongshortRatio,685,2026-05-11T11:00:00Z,2026-06-09T00:00:00Z,fd8aa35561b9581096e70c1138d64c8e5c980efdaf5f0e3a5b7635d4db8cd055
KSMUSDT,globalLongShortAccountRatio,686,2026-05-11T12:00:00Z,2026-06-09T01:00:00Z,f603686715999a2dc4bfcd3424346cb42895f896bef140f3b89f75b1413a04ee
KSMUSDT,topLongShortAccountRatio,686,2026-05-11T12:00:00Z,2026-06-09T01:00:00Z,125ed6bbdfda2cd0fec37bcf654afe3dd8149915f87954de5e1c0497a63d9342
KSMUSDT,topLongShortPositionRatio,686,2026-05-11T12:00:00Z,2026-06-09T01:00:00Z,e51fb735ca5bc5bcfa40473dc41c7fd65bf6cea11f3c0600a96bd0df1e24f508
KSMUSDT,premiumIndex,1,2026-06-09T11:31:37Z,2026-06-09T11:31:37Z,9ca2f83b7d792909a65a6a9264186160e3b9a1804080c9ffccc72ca5221d4206
LDOUSDT,fundingRate,86,2026-05-11T16:00:00Z,2026-06-09T00:00:00Z,82655b9e7b4ff0c35e47b521745e3d0e1fbe03b2dd9a2e3f11998df38a6f75e1
LDOUSDT,openInterestHist,686,2026-05-11T12:00:00Z,2026-06-09T01:00:00Z,dc630b8ec773287a7ebe78416eac67520085776d828eecce09bd6bf67d9eb1e9
LDOUSDT,takerlongshortRatio,685,2026-05-11T11:00:00Z,2026-06-09T00:00:00Z,fb1d9c74abdaaf5f51a6d970155746a3076cf5b4b5bbb983e7be685da4e29f38
LDOUSDT,globalLongShortAccountRatio,686,2026-05-11T12:00:00Z,2026-06-09T01:00:00Z,41a468be1db74a0269116949a1396dd866689c8be4f6c76541fa69cf8986bd2d
LDOUSDT,topLongShortAccountRatio,686,2026-05-11T12:00:00Z,2026-06-09T01:00:00Z,9f207e1a7f071f35f72b94a97d32563763bf12cec326b33eb91d78c9bf06e7dd
LDOUSDT,topLongShortPositionRatio,686,2026-05-11T12:00:00Z,2026-06-09T01:00:00Z,03916ebfc9b61201656890a88dc2f66e4df16c3435dd93c00b13e8c64f9ffa30
LDOUSDT,premiumIndex,1,2026-06-09T11:31:41Z,2026-06-09T11:31:41Z,9f6299f6762035ec30cb46280cf487223333d2bca38487baab73a526c8427f58
LINKUSDT,fundingRate,86,2026-05-11T16:00:00Z,2026-06-09T00:00:00Z,a4c950f08a31edc70ce467c5598444da67d63519130f20a841a2d54f1dcd11ce
LINKUSDT,openInterestHist,686,2026-05-11T12:00:00Z,2026-06-09T01:00:00Z,be0518804021f7c698aff39c7b0e4860583979abba9e829e347742093030e1cd
LINKUSDT,takerlongshortRatio,685,2026-05-11T11:00:00Z,2026-06-09T00:00:00Z,554edd42991fbf3d0c54aa20b30ac9c666061082e782eb19970b4d5c273dbeeb
LINKUSDT,globalLongShortAccountRatio,686,2026-05-11T12:00:00Z,2026-06-09T01:00:00Z,6fa22f36942afdac41ec31b9251ad3ca453cdc3fa9101d610060ec849b499e94
LINKUSDT,topLongShortAccountRatio,686,2026-05-11T12:00:00Z,2026-06-09T01:00:00Z,8b428269c72ae4e4770c44aebabed43bd08483ab6f233224f78e49f2214e126a
LINKUSDT,topLongShortPositionRatio,686,2026-05-11T12:00:00Z,2026-06-09T01:00:00Z,aae435d52c28285ea5ddc672657e329f4d54aacf7557cbec266a4efbcd45de4b
LINKUSDT,premiumIndex,1,2026-06-09T11:31:45Z,2026-06-09T11:31:45Z,ba0b8b37947d2b7da5080fcb2ae4a060086d4d4604c6450cb394c793b1a3c6d9
MANAUSDT,fundingRate,86,2026-05-11T16:00:00Z,2026-06-09T00:00:00Z,efeff0c79a544951cd015ba1857a28867736a264d9658adbd14c57014ebd46f7
MANAUSDT,openInterestHist,686,2026-05-11T12:00:00Z,2026-06-09T01:00:00Z,da7fe0e0ce8522c9de94ffcaf45e764184141d869cc036d6816e4a23b09c627e
MANAUSDT,takerlongshortRatio,685,2026-05-11T11:00:00Z,2026-06-09T00:00:00Z,c4ce82700d3f39ba9d7f5622d34d2b1b4a73d582b5d05793754b330ebfbd9088
MANAUSDT,globalLongShortAccountRatio,686,2026-05-11T12:00:00Z,2026-06-09T01:00:00Z,848f724cf8b0dab03c32071e6ddb38901ae32ab693c1052714020e5036772037
MANAUSDT,topLongShortAccountRatio,686,2026-05-11T12:00:00Z,2026-06-09T01:00:00Z,d90d33d9ba57ba02c4e3ad3d6b087f4790f967bde589c81a45f24fb05b4667c7
MANAUSDT,topLongShortPositionRatio,686,2026-05-11T12:00:00Z,2026-06-09T01:00:00Z,04c99469fef79e21d178ed9935f714bb2f1a7202e7ea2e447f947267034db725
MANAUSDT,premiumIndex,1,2026-06-09T11:31:49Z,2026-06-09T11:31:49Z,1a9b6a7d212ffa31588f79911bbf775094e9ccea61afe6c8e82bb6d68959b57e
MASKUSDT,fundingRate,172,2026-05-11T12:00:00Z,2026-06-09T00:00:00Z,624db5d9803da597600885776f0f9becf115a2ebd968e982ce6b84e15b3854be
MASKUSDT,openInterestHist,686,2026-05-11T12:00:00Z,2026-06-09T01:00:00Z,ea6fd27b563de51e6bfdc2b43712b6406dbb0e02c1833dce3b2ad73ef4ed0b77
MASKUSDT,takerlongshortRatio,685,2026-05-11T11:00:00Z,2026-06-09T00:00:00Z,0ed802289ea165639302bd53bb74dc4b8c4ec65dc523cbb88dbbb87286be8db9
MASKUSDT,globalLongShortAccountRatio,686,2026-05-11T12:00:00Z,2026-06-09T01:00:00Z,b7d67882a9b17906ed2c52b0bac553f42058090d4df349f6170311f5796cf8ff
MASKUSDT,topLongShortAccountRatio,686,2026-05-11T12:00:00Z,2026-06-09T01:00:00Z,0abd336341a92e6165d7fd7c6be3e89e51a45511fab9001630e3020253ec5b6a
MASKUSDT,topLongShortPositionRatio,686,2026-05-11T12:00:00Z,2026-06-09T01:00:00Z,c85b7f0666e292cf7797da7722aafd5c0da12127be8629aa3f628afc09253a27
MASKUSDT,premiumIndex,1,2026-06-09T11:31:54Z,2026-06-09T11:31:54Z,c5ab363531185ef4433f7dd0609a6e55d55270f084086e290ee91f0bbec3fd12
MINAUSDT,fundingRate,86,2026-05-11T16:00:00Z,2026-06-09T00:00:00Z,8d39426d42f5401290a0346d846804a0e8357de0a71908aea99b75deb7bd62c3
MINAUSDT,openInterestHist,686,2026-05-11T12:00:00Z,2026-06-09T01:00:00Z,895dc7c7e586177a859dc1399d431e9b2c5c4a3d32f9098434e90a06f8d76c9e
MINAUSDT,takerlongshortRatio,685,2026-05-11T11:00:00Z,2026-06-09T00:00:00Z,4217c13dd3994f09c758fa71ed4e091b6e69f869fa0f27046ca4dcc8dda05c9d
MINAUSDT,globalLongShortAccountRatio,686,2026-05-11T12:00:00Z,2026-06-09T01:00:00Z,d43eaa8fee4761ac5b1ba548fd0e924cf634768c90fe8acd3b71d81b0e70c398
MINAUSDT,topLongShortAccountRatio,686,2026-05-11T12:00:00Z,2026-06-09T01:00:00Z,a422e461a3d42abfa04594e532b1eebf9c15b8f8cca2d802ecb3124419b74f34
MINAUSDT,topLongShortPositionRatio,686,2026-05-11T12:00:00Z,2026-06-09T01:00:00Z,bb3db5cc09aece8a24423007ec3d9df5bab3b4a550026f3e6772ea6de5985489
MINAUSDT,premiumIndex,1,2026-06-09T11:31:58Z,2026-06-09T11:31:58Z,0ae441df33dda3051ef0145c1178969284a2332f86fbaa9f04ab260619bff7b8
NOTUSDT,fundingRate,172,2026-05-11T12:00:00Z,2026-06-09T00:00:00Z,144f63bc906381685d3f7fa0c56c9c53c52359d17f260595244f8b800ebf1f4a
NOTUSDT,openInterestHist,686,2026-05-11T12:00:00Z,2026-06-09T01:00:00Z,39158b7ce89ee6c1cee628184de2d294866af353b5bfc1c15cd8ab630479d043
NOTUSDT,takerlongshortRatio,685,2026-05-11T11:00:00Z,2026-06-09T00:00:00Z,d0b8c9ed00cc6352846239546b9d300cfb49c16fedb721fa230b99f1510f83ca
NOTUSDT,globalLongShortAccountRatio,686,2026-05-11T12:00:00Z,2026-06-09T01:00:00Z,e5298d37824a71ffd0d4fa55a35d06a26a583bbb160aec986ecb03821f00be2e
NOTUSDT,topLongShortAccountRatio,686,2026-05-11T12:00:00Z,2026-06-09T01:00:00Z,7888d860e6d38de6250b1b9acc4d9d3c896f6695cecf7d84a5fa5463bd42e52e
NOTUSDT,topLongShortPositionRatio,686,2026-05-11T12:00:00Z,2026-06-09T01:00:00Z,09f612429d9716bb2eb54777810b7d16f188d1b762ea494a213da2eb2fb714dd
NOTUSDT,premiumIndex,1,2026-06-09T11:32:02Z,2026-06-09T11:32:02Z,b74b3552be4039525cf42be673e0b6e64fb67501251faed2b708345be2707354
ORDIUSDT,fundingRate,172,2026-05-11T12:00:00Z,2026-06-09T00:00:00Z,e710901e245ba6191117767b318a9c8ca3fe1fb0007a487e15740e29cbacd2ff
ORDIUSDT,openInterestHist,686,2026-05-11T12:00:00Z,2026-06-09T01:00:00Z,c61fad965771284ac22febd40c27d1a39bfbf59e470a129321d63696a871ec2c
ORDIUSDT,takerlongshortRatio,685,2026-05-11T11:00:00Z,2026-06-09T00:00:00Z,be4ea43018d1cf026deb66cd7132482459e04ee64ce7bfa7d4e41fe5b2e2e88b
ORDIUSDT,globalLongShortAccountRatio,686,2026-05-11T12:00:00Z,2026-06-09T01:00:00Z,d02a47ac32c4e570794ef6c8d8c30c4b56162275d1b46366b2c1ce1d9d0cf107
ORDIUSDT,topLongShortAccountRatio,686,2026-05-11T12:00:00Z,2026-06-09T01:00:00Z,95bd0b6854ca63f39f1ea1cb1c8413dc8a6164891a7cac7d96a1b15d8d243bc5
ORDIUSDT,topLongShortPositionRatio,686,2026-05-11T12:00:00Z,2026-06-09T01:00:00Z,0dd0e947801f5c001626a9eff0483fad191468824c18ddc6fb2238b07902d697
ORDIUSDT,premiumIndex,1,2026-06-09T11:32:06Z,2026-06-09T11:32:06Z,0a9b301f0ceeae04a914a033aa3d5861d2d98969b07681a7b36bc323cee1ee7c
PENDLEUSDT,fundingRate,86,2026-05-11T16:00:00Z,2026-06-09T00:00:00Z,eeb9a5182099e61f62380139c5790feba868ef761945fd5c3dc8cb2eb93686a3
PENDLEUSDT,openInterestHist,686,2026-05-11T12:00:00Z,2026-06-09T01:00:00Z,dd330d93d06e81f76cf4c4e004614bca5a12d37c9b0f7b22b6ce89a0314feb5a
PENDLEUSDT,takerlongshortRatio,685,2026-05-11T11:00:00Z,2026-06-09T00:00:00Z,d2cd44a3e62f0f463958387b084c8b89b359bc4bf1acc02f9b3e9acf426ce624
PENDLEUSDT,globalLongShortAccountRatio,686,2026-05-11T12:00:00Z,2026-06-09T01:00:00Z,635241c4afc9f93ba019daf4699084892eb5a9df939b7a0da5ec6a1946e84915
PENDLEUSDT,topLongShortAccountRatio,686,2026-05-11T12:00:00Z,2026-06-09T01:00:00Z,d68df65fa84ee45567631c7666b393856e77923f5bf3570998e7a5a4c41e113b
PENDLEUSDT,topLongShortPositionRatio,686,2026-05-11T12:00:00Z,2026-06-09T01:00:00Z,c1deb2e2eff84c66f25231e74b53f9ffa7578571d551c61ffce04df3b542238f
PENDLEUSDT,premiumIndex,1,2026-06-09T11:32:11Z,2026-06-09T11:32:11Z,4cc9368b9d84d32ec752eb7c3530231ba8b86d0f1f6e6b1bcac9cef0da245165
PYTHUSDT,fundingRate,172,2026-05-11T12:00:00Z,2026-06-09T00:00:00Z,219b2de00db97351baff14ad1df04d3b7fcf2d8d4b40ef3c68e3a5aab21a11d1
PYTHUSDT,openInterestHist,686,2026-05-11T12:00:00Z,2026-06-09T01:00:00Z,b65a533325730e59abff04e6f543d497a58c3794391627bc6a403cde339bef14
PYTHUSDT,takerlongshortRatio,685,2026-05-11T11:00:00Z,2026-06-09T00:00:00Z,222febfb5661acef17c080ff9ad64ec9011aef769ffe2e39c29a7a2b5700825b
PYTHUSDT,globalLongShortAccountRatio,686,2026-05-11T12:00:00Z,2026-06-09T01:00:00Z,bcefa9300aa63b24cbed5a28d0d2c217d82023432ec0f592bcd27e3028c39097
PYTHUSDT,topLongShortAccountRatio,686,2026-05-11T12:00:00Z,2026-06-09T01:00:00Z,607188fa052ff3388d67ea71edf7e77fa675a220e5df932a400aa45eb75f40d2
PYTHUSDT,topLongShortPositionRatio,686,2026-05-11T12:00:00Z,2026-06-09T01:00:00Z,9165483c279659bca31faef97062d35f6e67bbf4534fd581391a57af9d3b9f05
PYTHUSDT,premiumIndex,1,2026-06-09T11:32:15Z,2026-06-09T11:32:15Z,1696067fcb8d89d331d890555fef7c2c45159cdf8b226f0a2f37ec97803e25f0
QTUMUSDT,fundingRate,86,2026-05-11T16:00:00Z,2026-06-09T00:00:00Z,bba67a059afa4fccc850847c73a41910a2f21380f10bd963172e7d7aa73157ec
QTUMUSDT,openInterestHist,686,2026-05-11T12:00:00Z,2026-06-09T01:00:00Z,9f3c864b7e5fd4c552abd1d876de032e221633a8dccd398d1882542548f6f6de
QTUMUSDT,takerlongshortRatio,685,2026-05-11T11:00:00Z,2026-06-09T00:00:00Z,c56f3e8c51cb4cb0747c27537473c01cdf6dc95019e9865029e185411f12eba0
QTUMUSDT,globalLongShortAccountRatio,686,2026-05-11T12:00:00Z,2026-06-09T01:00:00Z,782b8050f7feefce34319e402921dd4187713192d3a9c1744b0a3b11dde9c0f2
QTUMUSDT,topLongShortAccountRatio,685,2026-05-11T12:00:00Z,2026-06-09T01:00:00Z,20368d794d4a23a8ffb75ee0d93d65bf1f6244e0d0f382a61d28535ab17a4878
QTUMUSDT,topLongShortPositionRatio,685,2026-05-11T12:00:00Z,2026-06-09T01:00:00Z,d465b9767c02a06e7c03740fecfe6588345ebbc82dd7f95c3be04c4af2dcfa24
QTUMUSDT,premiumIndex,1,2026-06-09T11:32:19Z,2026-06-09T11:32:19Z,c64972882b8077a30fcab788fa210dc54b0587ab828a17d70e5c8bfe956d5eaf
ROSEUSDT,fundingRate,86,2026-05-11T16:00:00Z,2026-06-09T00:00:00Z,57f6d91819d3991e667057227a7cc488291de0d486f0744f56fdc111c1bfda6e
ROSEUSDT,openInterestHist,686,2026-05-11T12:00:00Z,2026-06-09T01:00:00Z,d3648df0847f207e058e6700d1131b359cddc2f6554899b79134901a887025a8
ROSEUSDT,takerlongshortRatio,685,2026-05-11T11:00:00Z,2026-06-09T00:00:00Z,4044e12fba084531ba17881916592d0d09cf085884c620997943a83764eed941
ROSEUSDT,globalLongShortAccountRatio,686,2026-05-11T12:00:00Z,2026-06-09T01:00:00Z,0e18a7004929d4800ef2d8f212e4b0aafa850621b6e5faaf99b6fb4cce50758a
ROSEUSDT,topLongShortAccountRatio,686,2026-05-11T12:00:00Z,2026-06-09T01:00:00Z,8254391b29393d536e66c029f31e6ca0b7358154fdeba38dc1840ced94594d37
ROSEUSDT,topLongShortPositionRatio,686,2026-05-11T12:00:00Z,2026-06-09T01:00:00Z,41caca30adb807861b3c35695d53127f125875d1cefad093d38082e89e8e577c
ROSEUSDT,premiumIndex,1,2026-06-09T11:32:23Z,2026-06-09T11:32:23Z,3543834e6aa427fff0c89d71b5c34818c3a3fa63b22a0e73b408f6eb37bd7653
RUNEUSDT,fundingRate,86,2026-05-11T16:00:00Z,2026-06-09T00:00:00Z,f77888774d07abc5d6b4d476068bbb825bc7a5fdb15c0ab7d3e1193635322eab
RUNEUSDT,openInterestHist,686,2026-05-11T12:00:00Z,2026-06-09T01:00:00Z,5703b1c7d90643c9e4c2f6c7785c7021aa9db4ffa27e1638ae0cc4f1683eced1
RUNEUSDT,takerlongshortRatio,685,2026-05-11T11:00:00Z,2026-06-09T00:00:00Z,7ccb50002b348647c16b72e2c9be0188e2a500224140606b6b19715611db9216
RUNEUSDT,globalLongShortAccountRatio,686,2026-05-11T12:00:00Z,2026-06-09T01:00:00Z,dee3a7ffc2339bb8aadebcacae249352395cbe10c479a1ff9db6e2bf915d19b0
RUNEUSDT,topLongShortAccountRatio,686,2026-05-11T12:00:00Z,2026-06-09T01:00:00Z,e7fbd8c447eb4b3e720d52707af011833dd086f59e67079d5a79a338d0f98e1f
RUNEUSDT,topLongShortPositionRatio,686,2026-05-11T12:00:00Z,2026-06-09T01:00:00Z,bb44fba843c87cfede2ba70fe347f87862b7411f36c056b170e013b27fdc7fc9
RUNEUSDT,premiumIndex,1,2026-06-09T11:32:28Z,2026-06-09T11:32:28Z,dd9b828d3011b68975a0bc79742d722f3a848dc2505758a5d42de176a1ce12b3
SANDUSDT,fundingRate,86,2026-05-11T16:00:00Z,2026-06-09T00:00:00Z,63dca0aa11cc4de1575f4764a39a2efc035cf7cdf81a8bce9a5cec2975d84573
SANDUSDT,openInterestHist,686,2026-05-11T12:00:00Z,2026-06-09T01:00:00Z,de20fa5721f0490e9d085031fe05ea19dbb106c6298a2e33842ae46dcd8d4c7e
SANDUSDT,takerlongshortRatio,685,2026-05-11T11:00:00Z,2026-06-09T00:00:00Z,f7ba48da4b10f723e41f36e0ecfdab21cb912157fdec686dbd791ec6812bd0c3
SANDUSDT,globalLongShortAccountRatio,686,2026-05-11T12:00:00Z,2026-06-09T01:00:00Z,9e41919915cb0c1c304eea855d596ad49c8477e875efc08b4cf5d8f9572ee941
SANDUSDT,topLongShortAccountRatio,686,2026-05-11T12:00:00Z,2026-06-09T01:00:00Z,056e78340a55627845ac7da50ba6d8658d8fdfbe4d7561905210080e6c58b8c6
SANDUSDT,topLongShortPositionRatio,686,2026-05-11T12:00:00Z,2026-06-09T01:00:00Z,3276807fbdfc0ea655b96514044341c22918521e97dbb1bec9c22c5424b82845
SANDUSDT,premiumIndex,1,2026-06-09T11:32:32Z,2026-06-09T11:32:32Z,2b5f3a64fd5987221d14474a70220fc60c9e2205e16707c6e5ce117f8d72c763
SNXUSDT,fundingRate,86,2026-05-11T16:00:00Z,2026-06-09T00:00:00Z,8d7e37397f53653769eca7a9b9257e9d470484a2a653f1926a71d2b2a2468e59
SNXUSDT,openInterestHist,686,2026-05-11T12:00:00Z,2026-06-09T01:00:00Z,4d89f80117d2d54bd7677fdeb98ef3a3f68d646c494d6f4f75c883c2c753ffde
SNXUSDT,takerlongshortRatio,685,2026-05-11T11:00:00Z,2026-06-09T00:00:00Z,932f7d47881ee2750d6c5a988b88ef6ec4f351d67633fe99a3a49fdd86308186
SNXUSDT,globalLongShortAccountRatio,686,2026-05-11T12:00:00Z,2026-06-09T01:00:00Z,d966a1e5d9b3fa74e3a10f1750c4a31316b31b680e4de381b7cbe31a2f4f0c57
SNXUSDT,topLongShortAccountRatio,686,2026-05-11T12:00:00Z,2026-06-09T01:00:00Z,d03036b8ae9fd35b03be92bfc711795eae9d4638791f734b8f5f645cf401a861
SNXUSDT,topLongShortPositionRatio,686,2026-05-11T12:00:00Z,2026-06-09T01:00:00Z,cb50d50d093cf53640159018d554a87d5832416b715d1d7127728bc42cd9491f
SNXUSDT,premiumIndex,1,2026-06-09T11:32:36Z,2026-06-09T11:32:36Z,423ce381ef07548dd76acc6e81946a714cb322a38dd9682380cb38232f9081b0
SOLUSDT,fundingRate,86,2026-05-11T16:00:00Z,2026-06-09T00:00:00Z,a0758cd63caeb2070f33028d2780ea0823127d1273f31bab91b58d78a396e1c5
SOLUSDT,openInterestHist,686,2026-05-11T12:00:00Z,2026-06-09T01:00:00Z,4c61b3ef4c49551ef94a6ac78b45b9c0a9666c138f47c12e5f0156d665c46804
SOLUSDT,takerlongshortRatio,685,2026-05-11T11:00:00Z,2026-06-09T00:00:00Z,5702d9f5ebc2303783ba1e11469b8ef88e3a7e9ba989ec1aecbd6d1a902a1288
SOLUSDT,globalLongShortAccountRatio,686,2026-05-11T12:00:00Z,2026-06-09T01:00:00Z,8c1f59f824cce0bb10e995dce759e5a0411c0fcfd3eeff0adc126dece3f394a7
SOLUSDT,topLongShortAccountRatio,686,2026-05-11T12:00:00Z,2026-06-09T01:00:00Z,603c15df1fd33b442a6fa71881c6b625ece70f048f22f87bc584cb40c29161f7
SOLUSDT,topLongShortPositionRatio,686,2026-05-11T12:00:00Z,2026-06-09T01:00:00Z,7cdce183980a77b8d799cb57f630598b3a65267f1d3312edbcd2327929a64622
SOLUSDT,premiumIndex,1,2026-06-09T11:32:40Z,2026-06-09T11:32:40Z,e7d80629169666b2ee04a9793ff607bdf7d5b5b486ab83ef629804dc5eb43a4a
STXUSDT,fundingRate,86,2026-05-11T16:00:00Z,2026-06-09T00:00:00Z,1d7942abcfce896bfa6f349663510bfc75ebaad8d2daba49b8635ff5e17791c4
STXUSDT,openInterestHist,686,2026-05-11T12:00:00Z,2026-06-09T01:00:00Z,c913ebaf745ed6a9e725264708da96f92f9c1cf62ccead0613db4576e522863d
STXUSDT,takerlongshortRatio,685,2026-05-11T11:00:00Z,2026-06-09T00:00:00Z,aee4762420b50661057403f3d9072439ea2d4febf85a5b66806df3c6a6835aa7
STXUSDT,globalLongShortAccountRatio,686,2026-05-11T12:00:00Z,2026-06-09T01:00:00Z,2de52a1702f759e87510a985daaf75d4f7db069c12fc75349912f08254a9475e
STXUSDT,topLongShortAccountRatio,686,2026-05-11T12:00:00Z,2026-06-09T01:00:00Z,9f275a6158884d6c916699b7ec816fb5d6d95c243fee06ec4474262aec727be4
STXUSDT,topLongShortPositionRatio,686,2026-05-11T12:00:00Z,2026-06-09T01:00:00Z,e4ba1646daa6260bd0a267a4454a665a91eb98dceb36ece73ba88633069ac676
STXUSDT,premiumIndex,1,2026-06-09T11:32:45Z,2026-06-09T11:32:45Z,b349854d8d3b62ea05ff7780bc48ecc877502b24b744c9aaaefb99b055b37d6e
SUSHIUSDT,fundingRate,86,2026-05-11T16:00:00Z,2026-06-09T00:00:00Z,dfd8082fb7bda2e637e50fb8f4872ea3fee81c372f63095102b79518af60e4b3
SUSHIUSDT,openInterestHist,686,2026-05-11T12:00:00Z,2026-06-09T01:00:00Z,b9d7b5339638b745a4c4d23e260659efc4afcb360e1f1139f97bbb140ddc0f60
SUSHIUSDT,takerlongshortRatio,685,2026-05-11T11:00:00Z,2026-06-09T00:00:00Z,b4b75a7dd468315de535987cc5e7dcd833416cd348e696c57f94de1309b72cfb
SUSHIUSDT,globalLongShortAccountRatio,686,2026-05-11T12:00:00Z,2026-06-09T01:00:00Z,649937abfc493adaafab09108679f5407b7fab92b5a085e43664600f3051cb42
SUSHIUSDT,topLongShortAccountRatio,685,2026-05-11T12:00:00Z,2026-06-09T01:00:00Z,919712df3bc442e327d61294461836c875480c772159bb068d7e453930a76f02
SUSHIUSDT,topLongShortPositionRatio,685,2026-05-11T12:00:00Z,2026-06-09T01:00:00Z,853cab949721dd6318c27d62d21ddb9d5a7b55e0ab342567a867b673881ca298
SUSHIUSDT,premiumIndex,1,2026-06-09T11:32:49Z,2026-06-09T11:32:49Z,9af89049610a77816fe32735767ae065e68d94e4052b7baaf95cc053a6a113e6
TRBUSDT,fundingRate,172,2026-05-11T12:00:00Z,2026-06-09T00:00:00Z,a7530a3edc87fa4e0d44f8211a8a6a10ec7a6367555703f33b4d6ea4918aa809
TRBUSDT,openInterestHist,686,2026-05-11T12:00:00Z,2026-06-09T01:00:00Z,b30dfe41acf36cc4fc1650fb5eba31dab6d4e443ca05596576d3f3f8d7914e27
TRBUSDT,takerlongshortRatio,685,2026-05-11T11:00:00Z,2026-06-09T00:00:00Z,fb9fab5771306a3f8894805f7f2964d51844634f230062aaa2f35fb404c14d96
TRBUSDT,globalLongShortAccountRatio,686,2026-05-11T12:00:00Z,2026-06-09T01:00:00Z,f53163be3e308b9ca00f7ae325096649d749fcc36de782b9880ccd28034290d4
TRBUSDT,topLongShortAccountRatio,686,2026-05-11T12:00:00Z,2026-06-09T01:00:00Z,4bf010b9e6b453566f2b5e5b8f16b40a7be97a3dfc0f74a005fdeb43b299ca74
TRBUSDT,topLongShortPositionRatio,686,2026-05-11T12:00:00Z,2026-06-09T01:00:00Z,6b0826464378ae5f861c8d914f041768b4dfdc55dcd231e5cc8fcbf0f19ccfd7
TRBUSDT,premiumIndex,1,2026-06-09T11:32:53Z,2026-06-09T11:32:53Z,12719990dfcae15ee5f0720f32ef585e4ac0480ece52aa5d94ea500d86a0c65e
VETUSDT,fundingRate,86,2026-05-11T16:00:00Z,2026-06-09T00:00:00Z,b60c861789f3eb59d613faedbb194b3e5d68f4bf24cfc9249af6ac3790c16e84
VETUSDT,openInterestHist,686,2026-05-11T12:00:00Z,2026-06-09T01:00:00Z,69397045b136ee01127911c26bd5ba76f39f7261404cfdcecb45d1c1aa6c27b0
VETUSDT,takerlongshortRatio,685,2026-05-11T11:00:00Z,2026-06-09T00:00:00Z,37340c2e2aa3ef71faf108efd33f0614876001970ceaa6386ad91fb105f254b8
VETUSDT,globalLongShortAccountRatio,686,2026-05-11T12:00:00Z,2026-06-09T01:00:00Z,da9c9c8ac8f1b034a16beded0f51851cbc54b09ee89bf227f4d7cf93df0c9c0e
VETUSDT,topLongShortAccountRatio,686,2026-05-11T12:00:00Z,2026-06-09T01:00:00Z,3a021b9b25571d546692b0150a85910f8746ba9653ecb8e0df3b8877bf5916f3
VETUSDT,topLongShortPositionRatio,686,2026-05-11T12:00:00Z,2026-06-09T01:00:00Z,0a5bfe71f2b4f8287385b566b420f638e1f85ceaa2ef70176af48019b132531f
VETUSDT,premiumIndex,1,2026-06-09T11:32:58Z,2026-06-09T11:32:58Z,6c6dd4de91f64c160f99849727f55915d4c3c448a8a224f10a188a56c210f7c9
WOOUSDT,fundingRate,86,2026-05-11T16:00:00Z,2026-06-09T00:00:00Z,3087485a08dbe5c7a8a4431a9bc45ba2090482bc9f138271f33fed66d55217b3
WOOUSDT,openInterestHist,686,2026-05-11T12:00:00Z,2026-06-09T01:00:00Z,4fc13938a971e9623e9d7fd10879f1bb740c202bc368cb43b02bdf8a9aba1cd8
WOOUSDT,takerlongshortRatio,685,2026-05-11T11:00:00Z,2026-06-09T00:00:00Z,db39254fcde102dff54b8f68da09a5f50af269d8c9b97e9860f72e10905f90e3
WOOUSDT,globalLongShortAccountRatio,686,2026-05-11T12:00:00Z,2026-06-09T01:00:00Z,6d26a81f574eec426508262066e185001cfd7d565eda7b7ded90fe12f734b372
WOOUSDT,topLongShortAccountRatio,686,2026-05-11T12:00:00Z,2026-06-09T01:00:00Z,e3bcd3ede0e94d286a97bb7bf2000b778d95b36a168953efdbf32ab93f7e53bd
WOOUSDT,topLongShortPositionRatio,686,2026-05-11T12:00:00Z,2026-06-09T01:00:00Z,27f8ba368db3fc34df66ec75f880f2e16b0e4a13dfb865a135596ce4d04fe37e
WOOUSDT,premiumIndex,1,2026-06-09T11:33:02Z,2026-06-09T11:33:02Z,151d372550084768ce8ddfb50f342d27f35582d50c6d61b7bcfed7d0b8666e57
XAIUSDT,fundingRate,172,2026-05-11T12:00:00Z,2026-06-09T00:00:00Z,7777787a7eb034999113599934163f7d8199e01a1929eb4bf74dfa677495ba8a
XAIUSDT,openInterestHist,686,2026-05-11T12:00:00Z,2026-06-09T01:00:00Z,beb298572f3354e5106aec07232110cacf464a09239c4a6a38cd66de1e38fe9f
XAIUSDT,takerlongshortRatio,685,2026-05-11T11:00:00Z,2026-06-09T00:00:00Z,f334c9db2aa900a6fb56e864ae9100eae7ec116a0642391a16d0d5e46857d88a
XAIUSDT,globalLongShortAccountRatio,686,2026-05-11T12:00:00Z,2026-06-09T01:00:00Z,88aec5859659b2e6f89e7290ebce7427fdd7f776a88ef237353870bdcbcebc69
XAIUSDT,topLongShortAccountRatio,686,2026-05-11T12:00:00Z,2026-06-09T01:00:00Z,dca3ae90e42bbaa2de11fdad92dfaede7e80241ef6b946a46a12aa982bb7fa7d
XAIUSDT,topLongShortPositionRatio,686,2026-05-11T12:00:00Z,2026-06-09T01:00:00Z,2bad01543a12aadd8ac9351c68bd472ad5527311c064da836b6fa32d3b6a413a
XAIUSDT,premiumIndex,1,2026-06-09T11:33:07Z,2026-06-09T11:33:07Z,adfa8c24cdbe31ef42220d7dfc02b87996811be279db281263b13983945a191e
XRPUSDT,fundingRate,86,2026-05-11T16:00:00Z,2026-06-09T00:00:00Z,9a7125d78aa5246daf0152560b8d56af7c6a5661daaa0b13f6e04f0514dd0346
XRPUSDT,openInterestHist,686,2026-05-11T12:00:00Z,2026-06-09T01:00:00Z,b024fef6d6d0b8ab342f61b7969c9c28fa4e7111110b48cf44326094cbbf10bd
XRPUSDT,takerlongshortRatio,685,2026-05-11T11:00:00Z,2026-06-09T00:00:00Z,2700c8aaf38e4648d7b7f973bc68ebef4814dc7d0927940eb76490e73680d6ff
XRPUSDT,globalLongShortAccountRatio,686,2026-05-11T12:00:00Z,2026-06-09T01:00:00Z,8c2cc52d356689a0238ad9d518cd1c6f7df3286ca181167cc51163504f08c962
XRPUSDT,topLongShortAccountRatio,686,2026-05-11T12:00:00Z,2026-06-09T01:00:00Z,5890fa88028a9783fafe006858a4934fe5f8df32374973355913da9d38338d00
XRPUSDT,topLongShortPositionRatio,686,2026-05-11T12:00:00Z,2026-06-09T01:00:00Z,77b3d4bfd76d1d6a89b4d022b1167d29b40cd7e8422b0f3f75128524eb83a303
XRPUSDT,premiumIndex,1,2026-06-09T11:33:11Z,2026-06-09T11:33:11Z,19c7d5195d387d1e9f1585110931a7b2ecc29a8359ad4849e7730fb0dd1eafd6
YFIUSDT,fundingRate,86,2026-05-11T16:00:00Z,2026-06-09T00:00:00Z,4eb198a829aa8ddd1c4368c80e11b241f83c4f65a48378b5dca8ed062056242f
YFIUSDT,openInterestHist,686,2026-05-11T12:00:00Z,2026-06-09T01:00:00Z,d6bd296a3c71e34964dda248ff9798d62c5ff9804eece8f8a7815cf3448f76da
YFIUSDT,takerlongshortRatio,685,2026-05-11T11:00:00Z,2026-06-09T00:00:00Z,e11cca42aac1fda55a0824796f083e479cb6b40f01ec30894925e4e1cc2b139d
YFIUSDT,globalLongShortAccountRatio,686,2026-05-11T12:00:00Z,2026-06-09T01:00:00Z,6239f9aff1e40a87f0cd238742c371fe44f5716f1aff5d259631a1f27b0d364b
YFIUSDT,topLongShortAccountRatio,686,2026-05-11T12:00:00Z,2026-06-09T01:00:00Z,c29e979454516934bd3d4981e11b819c0b10197a1fed5a656532c8f506820d57
YFIUSDT,topLongShortPositionRatio,686,2026-05-11T12:00:00Z,2026-06-09T01:00:00Z,51339ccf808984d3081abfebabc244500c206bf172a62e96f22383c661a0f98c
YFIUSDT,premiumIndex,1,2026-06-09T11:33:15Z,2026-06-09T11:33:15Z,9f531a8deee412bc55ef45c120be197ecf4e89fb625963f049e359ac01774a80
